# A, C, D, E, F, G, H, I, K, L, M, N, P, Q, R, S, T, V, W, Y, *
1.00,-10000.00,-10000.00,-10000.00,-10000.00,-10000.00,-10000.00,-10000.00,-10000.00,-10000.00,-10000.00,-10000.00,-10000.00,-10000.00,-10000.00,-10000.00,-10000.00,-10000.00,-10000.00,-10000.00,-10000.00
-10000.00,1.00,-10000.00,-10000.00,-10000.00,-10000.00,-10000.00,-10000.00,-10000.00,-10000.00,-10000.00,-10000.00,-10000.00,-10000.00,-10000.00,-10000.00,-10000.00,-10000.00,-10000.00,-10000.00,-10000.00
-10000.00,-10000.00,1.00,-10000.00,-10000.00,-10000.00,-10000.00,-10000.00,-10000.00,-10000.00,-10000.00,-10000.00,-10000.00,-10000.00,-10000.00,-10000.00,-10000.00,-10000.00,-10000.00,-10000.00,-10000.00
-10000.00,-10000.00,-10000.00,1.00,-10000.00,-10000.00,-10000.00,-10000.00,-10000.00,-10000.00,-10000.00,-10000.00,-10000.00,-10000.00,-10000.00,-10000.00,-10000.00,-10000.00,-10000.00,-10000.00,-10000.00
-10000.00,-10000.00,-10000.00,-10000.00,1.00,-10000.00,-10000.00,-10000.00,-10000.00,-10000.00,-10000.00,-10000.00,-10000.00,-10000.00,-10000.00,-10000.00,-10000.00,-10000.00,-10000.00,-10000.00,-10000.00
-10000.00,-10000.00,-10000.00,-10000.00,-10000.00,1.00,-10000.00,-10000.00,-10000.00,-10000.00,-10000.00,-10000.00,-10000.00,-10000.00,-10000.00,-10000.00,-10000.00,-10000.00,-10000.00,-10000.00,-10000.00
-10000.00,-10000.00,-10000.00,-10000.00,-10000.00,-10000.00,1.00,-10000.00,-10000.00,-10000.00,-10000.00,-10000.00,-10000.00,-10000.00,-10000.00,-10000.00,-10000.00,-10000.00,-10000.00,-10000.00,-10000.00
-10000.00,-10000.00,-10000.00,-10000.00,-10000.00,-10000.00,-10000.00,1.00,-10000.00,-10000.00,-10000.00,-10000.00,-10000.00,-10000.00,-10000.00,-10000.00,-10000.00,-10000.00,-10000.00,-10000.00,-10000.00
-10000.00,-10000.00,-10000.00,-10000.00,-10000.00,-10000.00,-10000.00,-10000.00,1.00,-10000.00,-10000.00,-10000.00,-10000.00,-10000.00,-10000.00,-10000.00,-10000.00,-10000.00,-10000.00,-10000.00,-10000.00
-10000.00,-10000.00,-10000.00,-10000.00,-10000.00,-10000.00,-10000.00,-10000.00,-10000.00,1.00,-10000.00,-10000.00,-10000.00,-10000.00,-10000.00,-10000.00,-10000.00,-10000.00,-10000.00,-10000.00,-10000.00
-10000.00,-10000.00,-10000.00,-10000.00,-10000.00,-10000.00,-10000.00,-10000.00,-10000.00,-10000.00,1.00,-10000.00,-10000.00,-10000.00,-10000.00,-10000.00,-10000.00,-10000.00,-10000.00,-10000.00,-10000.00
-10000.00,-10000.00,-10000.00,-10000.00,-10000.00,-10000.00,-10000.00,-10000.00,-10000.00,-10000.00,-10000.00,1.00,-10000.00,-10000.00,-10000.00,-10000.00,-10000.00,-10000.00,-10000.00,-10000.00,-10000.00
-10000.00,-10000.00,-10000.00,-10000.00,-10000.00,-10000.00,-10000.00,-10000.00,-10000.00,-10000.00,-10000.00,-10000.00,1.00,-10000.00,-10000.00,-10000.00,-10000.00,-10000.00,-10000.00,-10000.00,-10000.00
-10000.00,-10000.00,-10000.00,-10000.00,-10000.00,-10000.00,-10000.00,-10000.00,-10000.00,-10000.00,-10000.00,-10000.00,-10000.00,1.00,-10000.00,-10000.00,-10000.00,-10000.00,-10000.00,-10000.00,-10000.00
-10000.00,-10000.00,-10000.00,-10000.00,-10000.00,-10000.00,-10000.00,-10000.00,-10000.00,-10000.00,-10000.00,-10000.00,-10000.00,-10000.00,1.00,-10000.00,-10000.00,-10000.00,-10000.00,-10000.00,-10000.00
-10000.00,-10000.00,-10000.00,-10000.00,-10000.00,-10000.00,-10000.00,-10000.00,-10000.00,-10000.00,-10000.00,-10000.00,-10000.00,-10000.00,-10000.00,1.00,-10000.00,-10000.00,-10000.00,-10000.00,-10000.00
-10000.00,-10000.00,-10000.00,-10000.00,-10000.00,-10000.00,-10000.00,-10000.00,-10000.00,-10000.00,-10000.00,-10000.00,-10000.00,-10000.00,-10000.00,-10000.00,1.00,-10000.00,-10000.00,-10000.00,-10000.00
-10000.00,-10000.00,-10000.00,-10000.00,-10000.00,-10000.00,-10000.00,-10000.00,-10000.00,-10000.00,-10000.00,-10000.00,-10000.00,-10000.00,-10000.00,-10000.00,-10000.00,1.00,-10000.00,-10000.00,-10000.00
-10000.00,-10000.00,-10000.00,-10000.00,-10000.00,-10000.00,-10000.00,-10000.00,-10000.00,-10000.00,-10000.00,-10000.00,-10000.00,-10000.00,-10000.00,-10000.00,-10000.00,-10000.00,1.00,-10000.00,-10000.00
-10000.00,-10000.00,-10000.00,-10000.00,-10000.00,-10000.00,-10000.00,-10000.00,-10000.00,-10000.00,-10000.00,-10000.00,-10000.00,-10000.00,-10000.00,-10000.00,-10000.00,-10000.00,-10000.00,1.00,-10000.00
-10000.00,-10000.00,-10000.00,-10000.00,-10000.00,-10000.00,-10000.00,-10000.00,-10000.00,-10000.00,-10000.00,-10000.00,-10000.00,-10000.00,-10000.00,-10000.00,-10000.00,-10000.00,-10000.00,-10000.00,0.00
